{"schemaVersion":"1.0","appDefinitionTemplate":{"id":"/providers/Microsoft.PowerApps/apps/","type":"Microsoft.PowerApps/apps","tags":{"primaryDeviceWidth":"1366","primaryDeviceHeight":"768","supportsPortrait":"true","supportsLandscape":"true","primaryFormFactor":"Tablet","showStatusBar":"false","publisherVersion":"3.24071.11","minimumRequiredApiVersion":"2.2.0","hasComponent":"false","hasUnlockedComponent":"false","isUnifiedRootApp":"false","sienaVersion":"20240717T115605Z-3.24071.11.0"},"properties":{"appVersion":"2024-07-17T11:56:05Z","lifeCycleId":"Published","createdByClientVersion":{"major":3,"minor":24071,"build":11,"revision":0,"majorRevision":0,"minorRevision":0},"minClientVersion":{"major":3,"minor":24071,"build":11,"revision":0,"majorRevision":0,"minorRevision":0},"backgroundColor":"RGBA(0,176,240,1)","backgroundImageUri":"/13694147498069815982/N1b890429-6ae3-450a-a753-264128b527d2-logoSmallFile","displayName":"Ziyaretçi Giriş-Çıkış Sistemi","description":"","commitMessage":"","appUris":{"documentUri":{"value":"/13694147498069815982/Nf0e9b558-0705-4b92-8066-e765153dd8f9-document.msapp"},"imageUris":[],"additionalUris":[{"isSolutionAware":false,"value":"/13694147498069815982/Nc7b27b5d-f8eb-4731-a46f-d7215c735476-identity.json"}]},"createdTime":"0001-01-01T00:00:00Z","lastModifiedTime":"0001-01-01T00:00:00Z","sharedGroupsCount":0,"sharedUsersCount":0,"connectionReferences":{"ccfe96da-be6b-4a39-a6f0-19822a16ab38":{"id":"2070d3cc-3b1f-4d34-8259-a41b072f8f02","displayName":"Logic flows","iconUri":"https://connectoricons-prod.azureedge.net/releases/v1.0.1697/1.0.1697.3784/logicflows/icon.png","dataSources":["AddanitemtoSharePointandsendanemail"],"dependencies":["dbafe2f7-1aa1-4bf8-84d7-fc19d4bc177d","5fcb8487-9344-49b4-8199-93118f6d73c8"],"dependents":[],"parameterHints":{"workflowName":{"value":"17af1fde-495d-49d7-975b-5b5f812c9456"},"workflowEntityId":{},"workflowDisplayName":{"value":"Add an item to SharePoint and send an email"},"dbafe2f7-1aa1-4bf8-84d7-fc19d4bc177d":{"value":"shared_sharepointonline"},"5fcb8487-9344-49b4-8199-93118f6d73c8":{"value":"shared_office365"}},"parameterHintsV2":{"workflowName":{"value":"17af1fde-495d-49d7-975b-5b5f812c9456"},"workflowEntityId":{},"workflowDisplayName":{"value":"Add an item to SharePoint and send an email"},"shared_sharepointonline":{"value":"dbafe2f7-1aa1-4bf8-84d7-fc19d4bc177d"},"shared_office365":{"value":"5fcb8487-9344-49b4-8199-93118f6d73c8"}},"isOnPremiseConnection":false,"bypassConsent":false,"dataSets":{},"apiTier":"Standard","isCustomApiConnection":false,"nestedActions":[{"id":"/providers/Microsoft.PowerApps/apis/shared_sharepointonline/apiOperations/PostItem","apiName":"SharePoint","actionName":"PostItem","referencedResources":[{"key":"site","value":"[DYNAMIC_VALUE]"},{"key":"list","value":"[DYNAMIC_VALUE]"}]},{"id":"/providers/Microsoft.PowerApps/apis/shared_office365/apiOperations/SendEmailV2","apiName":"Office 365 Outlook","actionName":"SendEmailV2","referencedResources":[]}]},"dbafe2f7-1aa1-4bf8-84d7-fc19d4bc177d":{"id":"107628d7-eb62-437e-b239-76fd09ee014b","displayName":"SharePoint","iconUri":"https://connectoricons-prod.azureedge.net/u/jayawan/releases/v1.0.1697/1.0.1697.3786/sharepointonline/icon.png","dataSources":["UserCredential","Personel_Listesi"],"dependencies":[],"dependents":["ccfe96da-be6b-4a39-a6f0-19822a16ab38"],"parameterHints":{},"parameterHintsV2":{},"isOnPremiseConnection":false,"bypassConsent":false,"dataSets":{"https://nortel365.sharepoint.com/sites/Personel2":{"dataSources":{"UserCredential":{"tableName":"33658b42-a0eb-43dd-bd2a-127e5af038ec"},"Personel_Listesi":{"tableName":"c207a8d4-688d-4699-b960-f42d402d8862"}}}},"apiTier":"Standard","isCustomApiConnection":false,"actions":["providers/PowerPlatform.Governance/Operations/Read"]},"5fcb8487-9344-49b4-8199-93118f6d73c8":{"id":"9b16c7bd-e07d-4373-8afd-a61dd42691ed","displayName":"Office 365 Outlook","iconUri":"https://connectoricons-prod.azureedge.net/releases/v1.0.1686/1.0.1686.3706/office365/icon.png","dataSources":[],"dependencies":[],"dependents":["ccfe96da-be6b-4a39-a6f0-19822a16ab38"],"parameterHints":{},"parameterHintsV2":{},"isOnPremiseConnection":false,"bypassConsent":false,"dataSets":{},"apiTier":"Standard","isCustomApiConnection":false}},"databaseReferences":{},"almMode":"Environment","performanceOptimizationEnabled":false,"canConsumeAppPass":false,"enableModernRuntimeMode":false,"executionRestrictions":{"isTeamsOnly":false,"dataLossPreventionEvaluationResult":{"status":"Compliant","lastEvaluationDate":"2024-07-17T11:56:07.1346361Z","violations":[],"violationsByPolicy":[],"violationErrorMessage":"The app uses the following connectors: shared_logicflows, shared_sharepointonline, shared_office365."},"httpActionRestriction":{"appUsesSharepointHttpAction":false,"enforcementStrategy":"Legacy","evaluationTime":"2024-07-17T11:56:07.134496Z"}}},"appType":"ClassicCanvasApp","appComponents":[]}}