{"name":"50437078-96d1-48ab-b821-cc3463ea8d65","id":"/providers/Microsoft.Flow/flows/50437078-96d1-48ab-b821-cc3463ea8d65","type":"Microsoft.Flow/flows","properties":{"apiId":"/providers/Microsoft.PowerApps/apis/shared_logicflows","displayName":"Add an item to SharePoint and send an email","definition":{"metadata":{"workflowEntityId":null,"processAdvisorMetadata":null,"flowChargedByPaygo":null,"flowclientsuspensionreason":"None","flowclientsuspensiontime":null,"flowclientsuspensionreasondetails":null,"creator":{"id":"803de338-d2a5-4634-833b-7dee13839fff","type":"User","tenantId":"643edff9-8f55-4375-833b-8eefc2fbc606"},"provisioningMethod":"FromDefinition","failureAlertSubscription":true,"clientLastModifiedTime":"2024-07-17T11:09:13.9690392Z","connectionKeySavedTimeKey":"2024-07-17T11:09:13.9690392Z"},"$schema":"https://schema.management.azure.com/providers/Microsoft.Logic/schemas/2016-06-01/workflowdefinition.json#","contentVersion":"1.0.0.0","parameters":{"$connections":{"defaultValue":{},"type":"Object"},"$authentication":{"defaultValue":{},"type":"SecureObject"}},"triggers":{"manual":{"type":"Request","kind":"PowerAppV2","inputs":{"schema":{"type":"object","properties":{"Createitem_SiteAddress":{"type":"string","description":"Example: https://contoso.sharepoint.com/sites/sitename","x-ms-powerflows-param-ispartial":false},"Createitem_ListName":{"type":"string","description":"SharePoint list name","x-ms-powerflows-param-ispartial":false},"Createitem_Item":{"type":"any","description":"Item to create","x-ms-powerflows-param-ispartial":false},"Sendanemail_To":{"type":"string","format":"email","description":"Specify email addresses separated by semicolons like someone@contoso.com","x-ms-powerflows-param-ispartial":false},"Sendanemail_Subject":{"type":"string","description":"Specify the subject of the mail","x-ms-powerflows-param-ispartial":false},"Sendanemail_Body":{"type":"string","format":"html","description":"Specify the body of the mail. This parameter is used as part of \"4D30466F-87CD-4FC5-ACC2-0CACCF3BA98F\"","x-ms-powerflows-param-ispartial":true}},"required":["Createitem_SiteAddress","Createitem_ListName","Createitem_Item","Sendanemail_To","Sendanemail_Subject","Sendanemail_Body"]}}}},"actions":{"Create_item":{"runAfter":{},"type":"OpenApiConnection","inputs":{"host":{"apiId":"/providers/Microsoft.PowerApps/apis/shared_sharepointonline","connectionName":"shared_sharepointonline","operationId":"PostItem"},"parameters":{"dataset":"@triggerBody()['Createitem_SiteAddress']","table":"@triggerBody()['Createitem_ListName']","item":"@triggerBody()['Createitem_Item']"},"authentication":{"value":"@json(decodeBase64(triggerOutputs().headers['X-MS-APIM-Tokens']))['$ConnectionKey']","type":"Raw"}}},"Send_an_email":{"runAfter":{"Create_item":["Succeeded"]},"type":"OpenApiConnection","inputs":{"host":{"apiId":"/providers/Microsoft.PowerApps/apis/shared_office365","connectionName":"shared_office365","operationId":"SendEmailV2"},"parameters":{"emailMessage/To":"@triggerBody()['Sendanemail_To']","emailMessage/Subject":"@triggerBody()['Sendanemail_Subject']","emailMessage/Body":"<p>@{triggerBody()['Sendanemail_Body']}</p>"},"authentication":{"value":"@json(decodeBase64(triggerOutputs().headers['X-MS-APIM-Tokens']))['$ConnectionKey']","type":"Raw"}}}},"outputs":{},"description":"Add a new items into a SharePoint list and then send an email when a button or link in Power Apps is selected."},"connectionReferences":{"shared_sharepointonline":{"connectionName":"a127303a950048b19236367975a634ad","source":"Invoker","id":"/providers/Microsoft.PowerApps/apis/shared_sharepointonline","tier":"NotSpecified"},"shared_office365":{"connectionName":"ca38bf6d9bca4044962150696361db5a","source":"Invoker","id":"/providers/Microsoft.PowerApps/apis/shared_office365","tier":"NotSpecified"}},"flowFailureAlertSubscribed":false,"isManaged":false}}